CREATE DATABASE workshop1;
USE workshop1;
CREATE TABLE colors(cname VARCHAR(20), code VARCHAR(6), rating INT);
CREATE TABLE users1(username VARCHAR(20), password VARCHAR(32));
CREATE TABLE users2(username VARCHAR(20), password VARCHAR(32));
CREATE TABLE users3(username VARCHAR(20), password VARCHAR(32));
CREATE USER 'ws1home'@'localhost' IDENTIFIED BY '<password>';
CREATE USER 'ws1login'@'localhost' IDENTIFIED BY '<password>';
CREATE USER 'ws1register'@'localhost' IDENTIFIED BY '<password>';
GRANT SELECT ON workshop1.colors TO 'ws1home'@'localhost';
GRANT SELECT ON workshop1.users1 TO 'ws1home'@'localhost';
GRANT SELECT ON workshop1.users2 TO 'ws1register'@'localhost';
GRANT SELECT ON workshop1.users3 TO 'ws1login'@'localhost';
INSERT INTO colors VALUES("White", "FFFFFF", 7);
INSERT INTO colors VALUES("Silver", "C0C0C0", 6);
INSERT INTO colors VALUES("Red", "FF0000", 6);
INSERT INTO colors VALUES("Olive", "80800", 5);
INSERT INTO colors VALUES("Yellow", "FFF000", 7);
INSERT INTO colors VALUES("Lime", "00FF00", 6);
INSERT INTO colors VALUES("Green", "008000", 7);
INSERT INTO colors VALUES("Blue", "0000FF", 7);
INSERT INTO colors VALUES("Navy", "000080", 8);
INSERT INTO colors VALUES("Purple", "800080", 8);
INSERT INTO users1 VALUES("Alice", "5f4dcc3b5aa765d61d8327deb882cf99");
INSERT INTO users1 VALUES("Bob", "e10adc3949ba59abbe56e057f20f883e");
INSERT INTO users1 VALUES("Carol", "1e6947ac7fb3a9529a9726eb692c8cc5");
INSERT INTO users1 VALUES("Dan", "32250170a0dca92d53ec9624f336ca24");
INSERT INTO users1 VALUES("FLAG", "<flag1>");
INSERT INTO users2 VALUES("Alice", "5f4dcc3b5aa765d61d8327deb882cf99");
INSERT INTO users2 VALUES("Bob", "e10adc3949ba59abbe56e057f20f883e");
INSERT INTO users2 VALUES("Carol", "1e6947ac7fb3a9529a9726eb692c8cc5");
INSERT INTO users2 VALUES("Dan", "32250170a0dca92d53ec9624f336ca24");
INSERT INTO users2 VALUES("FLAG", "<flag2>");
INSERT INTO users3 VALUES("Alice", "5f4dcc3b5aa765d61d8327deb882cf99");
INSERT INTO users3 VALUES("Bob", "e10adc3949ba59abbe56e057f20f883e");
INSERT INTO users3 VALUES("Carol", "1e6947ac7fb3a9529a9726eb692c8cc5");
INSERT INTO users3 VALUES("Dan", "32250170a0dca92d53ec9624f336ca24");
INSERT INTO users3 VALUES("FLAG", "<flag3>");
